{
  "domain": "fraud",
  "tag": "serving",
  "n_decisions": 332,
  "n_joined_with_labels": 332,
  "judge_provider": {
    "openai": 332
  },
  "judge_model": {
    "google/gemini-3.1-flash-lite": 332
  },
  "verdict_mix": {
    "REVIEW": 39,
    "ALLOW": 213,
    "BLOCK": 80
  },
  "truth_mix": {
    "BUST_OUT": 8,
    "CLEAN": 236,
    "FRAUD_ATO": 8,
    "CARD_TESTING_RING": 80
  },
  "detection": {
    "roc_auc": 0.9985434322033898,
    "confusion_block": {
      "tp": 80,
      "fp": 0,
      "fn": 16,
      "tn": 236,
      "precision": 1.0,
      "recall": 0.8333333333333334,
      "f1": 0.9090909090909091,
      "fpr": 0.0,
      "accuracy": 0.9518072289156626
    },
    "confusion_block_or_review": {
      "tp": 96,
      "fp": 23,
      "fn": 0,
      "tn": 213,
      "precision": 0.8067226890756303,
      "recall": 1.0,
      "f1": 0.8930232558139535,
      "fpr": 0.09745762711864407,
      "accuracy": 0.9307228915662651
    },
    "precision_recall_at_fpr_1pct": {
      "threshold": 0.55,
      "fpr": 0.00423728813559322,
      "precision": 0.989010989010989,
      "recall": 0.9375,
      "tp": 90,
      "fp": 1
    },
    "precision_recall_at_fpr_5pct": {
      "threshold": 0.45,
      "fpr": 0.029661016949152543,
      "precision": 0.9320388349514563,
      "recall": 1.0,
      "tp": 96,
      "fp": 7
    },
    "per_attack_type_recall": {
      "BUST_OUT": {
        "flagged": 8,
        "total": 8,
        "recall": 1.0
      },
      "FRAUD_ATO": {
        "flagged": 8,
        "total": 8,
        "recall": 1.0
      },
      "CARD_TESTING_RING": {
        "flagged": 80,
        "total": 80,
        "recall": 1.0
      }
    },
    "score_separation": {
      "clean_mean": 0.15533898305084745,
      "clean_p95": 0.35,
      "attack_mean": 0.8791666666666665,
      "attack_p05": 0.45
    }
  },
  "latency_ms": {
    "n": 332,
    "mean": 2068.909638554217,
    "p50": 1820.5,
    "p90": 2930.9000000000005,
    "p95": 3631.8499999999995,
    "p99": 7939.95,
    "max": 8997.0,
    "min": 1230.0
  },
  "latency_by_verdict": {
    "ALLOW": {
      "n": 213,
      "p50": 1795.0,
      "p95": 3203.399999999999,
      "p99": 7893.84
    },
    "REVIEW": {
      "n": 39,
      "p50": 1804.0,
      "p95": 2543.5000000000005,
      "p99": 6662.659999999984
    },
    "BLOCK": {
      "n": 80,
      "p50": 1977.5,
      "p95": 3955.0499999999997,
      "p99": 7936.199999999993
    }
  },
  "score_hist": {
    "counts": [
      120,
      16,
      77,
      16,
      12,
      8,
      3,
      0,
      0,
      80
    ],
    "edges": [
      0.0,
      0.1,
      0.2,
      0.30000000000000004,
      0.4,
      0.5,
      0.6000000000000001,
      0.7000000000000001,
      0.8,
      0.9,
      1.0
    ]
  },
  "score_hist_split": {
    "clean": [
      120,
      16,
      77,
      16,
      6,
      0,
      1,
      0,
      0,
      0
    ],
    "attack": [
      0,
      0,
      0,
      0,
      6,
      8,
      2,
      0,
      0,
      80
    ],
    "edges": [
      0.0,
      0.1,
      0.2,
      0.30000000000000004,
      0.4,
      0.5,
      0.6000000000000001,
      0.7000000000000001,
      0.8,
      0.9,
      1.0
    ]
  }
}