{
  "domain": "security",
  "tag": "serving",
  "n_decisions": 254,
  "n_joined_with_labels": 254,
  "judge_provider": {
    "openai": 254
  },
  "judge_model": {
    "google/gemini-3.1-flash-lite": 254
  },
  "verdict_mix": {
    "ALLOW": 242,
    "BLOCK": 11,
    "REVIEW": 1
  },
  "truth_mix": {
    "EXFILTRATION": 12,
    "SECURITY_ATO": 8,
    "CLEAN": 218,
    "LATERAL_MOVEMENT": 16
  },
  "detection": {
    "roc_auc": 0.8193807339449541,
    "confusion_block": {
      "tp": 11,
      "fp": 0,
      "fn": 25,
      "tn": 218,
      "precision": 1.0,
      "recall": 0.3055555555555556,
      "f1": 0.46808510638297873,
      "fpr": 0.0,
      "accuracy": 0.9015748031496063
    },
    "confusion_block_or_review": {
      "tp": 11,
      "fp": 1,
      "fn": 25,
      "tn": 217,
      "precision": 0.9166666666666666,
      "recall": 0.3055555555555556,
      "f1": 0.4583333333333333,
      "fpr": 0.0045871559633027525,
      "accuracy": 0.8976377952755905
    },
    "precision_recall_at_fpr_1pct": {
      "threshold": 0.35,
      "fpr": 0.0045871559633027525,
      "precision": 0.9166666666666666,
      "recall": 0.3055555555555556,
      "tp": 11,
      "fp": 1
    },
    "precision_recall_at_fpr_5pct": {
      "threshold": 0.25,
      "fpr": 0.013761467889908258,
      "precision": 0.7857142857142857,
      "recall": 0.3055555555555556,
      "tp": 11,
      "fp": 3
    },
    "per_attack_type_recall": {
      "EXFILTRATION": {
        "flagged": 0,
        "total": 12,
        "recall": 0.0
      },
      "SECURITY_ATO": {
        "flagged": 0,
        "total": 8,
        "recall": 0.0
      },
      "LATERAL_MOVEMENT": {
        "flagged": 11,
        "total": 16,
        "recall": 0.6875
      }
    },
    "score_separation": {
      "clean_mean": 0.07807339449541285,
      "clean_p95": 0.15,
      "attack_mean": 0.37583333333333335,
      "attack_p05": 0.05
    }
  },
  "latency_ms": {
    "n": 254,
    "mean": 2044.0118110236222,
    "p50": 1827.0,
    "p90": 2626.6000000000017,
    "p95": 3101.45,
    "p99": 8436.53,
    "max": 9138.0,
    "min": 1252.0
  },
  "latency_by_verdict": {
    "ALLOW": {
      "n": 242,
      "p50": 1832.5,
      "p95": 3129.6499999999996,
      "p99": 8448.41
    },
    "REVIEW": {
      "n": 1,
      "p50": 2091.0,
      "p95": 2091.0,
      "p99": 2091.0
    },
    "BLOCK": {
      "n": 11,
      "p50": 1573.0,
      "p95": 2142.5,
      "p99": 2184.5
    }
  },
  "score_hist": {
    "counts": [
      169,
      71,
      2,
      1,
      0,
      0,
      0,
      0,
      0,
      11
    ],
    "edges": [
      0.0,
      0.1,
      0.2,
      0.30000000000000004,
      0.4,
      0.5,
      0.6000000000000001,
      0.7000000000000001,
      0.8,
      0.9,
      1.0
    ]
  },
  "score_hist_split": {
    "clean": [
      162,
      53,
      2,
      1,
      0,
      0,
      0,
      0,
      0,
      0
    ],
    "attack": [
      7,
      18,
      0,
      0,
      0,
      0,
      0,
      0,
      0,
      11
    ],
    "edges": [
      0.0,
      0.1,
      0.2,
      0.30000000000000004,
      0.4,
      0.5,
      0.6000000000000001,
      0.7000000000000001,
      0.8,
      0.9,
      1.0
    ]
  }
}